{
    "changepoint_prior_scale": 0.01283546599681323,
    "interval_width": 0.9337861844061545
}